request_id,text,expected,routing_decision,correct,agent_reasoning,latency_ms,success
1,"I love this product, it is absolutely amazing!",sentiment,sentiment,True,"The user request expresses a positive emotional tone about a product, making the sentiment model the most appropriate choice for analyzing the emotional content.",2474.79,True
2,This is the worst experience I have ever had.,sentiment,sentiment,True,"The user request expresses a negative emotional tone, making the sentiment analysis model the most appropriate choice for this request.",1395.94,True
3,The movie was fantastic and I enjoyed every moment.,sentiment,sentiment,True,"The user request expresses an opinion about a movie, indicating a positive emotional tone, which is best analyzed by the sentiment model.",2119.57,True
4,"I hate this service, it is terrible and slow.",sentiment,sentiment,True,"The user request expresses a negative emotional tone about a service, making the sentiment model the most appropriate choice for analyzing the emotional content.",2463.44,True
5,The food was delicious and the staff was very friendly.,sentiment,sentiment,True,"The user request expresses an opinion about the food and staff, making it suitable for sentiment analysis to determine the emotional tone.",1711.49,True
6,"I am very happy with my purchase, great quality!",sentiment,sentiment,True,"The user request expresses an emotional tone of happiness regarding a purchase, making the sentiment model the most appropriate choice for analyzing the emotional content.",1363.81,True
7,"Worst product ever, completely disappointed.",sentiment,sentiment,True,"The user request expresses a negative emotional tone, indicating disappointment with a product. The sentiment model is best suited for analyzing this emotional aspect.",1293.65,True
8,Summarize this: Artificial intelligence is transforming industries across the world. Companies are i,summarization,summarization,True,"The user request is asking for a summary of a text, which aligns perfectly with the capabilities of the summarization model. It is currently healthy and suitable for condensing the provided informatio",4716.28,True
9,Please provide a brief summary of the following: The global economy has been experiencing significan,summarization,summarization,True,"The user request is asking for a brief summary of a text, which aligns perfectly with the capabilities of the summarization model. This model is healthy and suitable for condensing the provided inform",5651.32,True
10,Give me a tldr of this text: Climate change is one of the most pressing issues facing humanity today,summarization,summarization,True,The user request is asking for a 'tldr' (too long; didn't read) which indicates a need for a condensed summary of the provided text. The summarization model is best suited for this task and is current,6181.22,True
11,Condense this article: Space exploration has entered a new era with private companies joining govern,summarization,summarization,True,"The user request is to condense an article, which aligns perfectly with the capabilities of the summarization model.",4487.56,True
12,Shorten this passage: Quantum computing represents a fundamental shift in computational power. Unlik,summarization,summarization,True,"The user request is to shorten a passage, which aligns with the capabilities of the summarization model that condenses long text into a shorter summary.",7155.65,True
13,Give me the main points of this: The human brain contains approximately 86 billion neurons. These ne,summarization,summarization,True,"The user request is asking for the main points of a text, which aligns with the summarization model's capability to condense information into a shorter summary.",8995.46,True
14,Extract entities: Apple CEO Tim Cook announced new products in California.,ner,ner,True,"The request is to extract named entities from the text, which is the primary function of the 'ner' model. It is currently healthy and suitable for this task.",1796.68,True
15,Find the named entities: Elon Musk founded SpaceX in Hawthorne California.,ner,ner,True,"The user request is focused on extracting named entities from the text, which is the primary function of the 'ner' model. This model is healthy and suitable for identifying names, organizations, and l",2007.47,True
16,Who are the people and organizations mentioned: Google was founded by Larry Page and Sergey Brin at ,ner,ner,True,"The request is to identify named entities, specifically people and organizations mentioned in the text, which aligns perfectly with the capabilities of the 'ner' model.",2105.04,True
17,Identify entities: Amazon CEO Andy Jassy visited their headquarters in Seattle Washington.,ner,ner,True,"The request is to identify entities such as persons (Andy Jassy), organizations (Amazon), and locations (Seattle, Washington), which aligns perfectly with the capabilities of the NER model.",2255.78,True
18,Extract all named entities from this: Microsoft and OpenAI are collaborating on AI research in San F,ner,ner,True,"The user request is to extract named entities from the provided text, which is the specific capability of the 'ner' model. This model is healthy and suitable for the task.",1601.26,True
19,"Find persons, organizations and locations: Mark Zuckerberg leads Meta which is based in Menlo Park C",ner,ner,True,"The request is to extract named entities, specifically persons, organizations, and locations, which aligns perfectly with the capabilities of the 'ner' model.",1462.58,True
20,Identify who and where: Sundar Pichai is the CEO of Google which is headquartered in Mountain View.,ner,ner,True,"The request is to identify named entities, specifically 'Sundar Pichai' as a person and 'Mountain View' as a location, making the NER model the most appropriate choice.",2266.56,True
